0_Area under the curve,0_Autocorrelation,0_Centroid,0_Mean absolute diff,0_Mean diff,0_Median absolute diff,0_Median diff,0_Negative turning points,0_Neighbourhood peaks,0_Positive turning points,0_Signal distance,0_Slope,0_Sum absolute diff,0_Zero crossing rate
0.09582904869736986,6.0,2.6187512292375836,0.0047353540128506,1.3588528441977618e-08,0.0029070377349853516,1.1920928955078125e-07,33815.0,7285.0,33816.0,233485.08535590855,7.757119923731782e-11,1105.6057195663452,18512.0
0.14887473785552824,6.0,3.292561854535816,0.005407665368447737,6.017614266253181e-09,0.00372469425201416,2.6702880859375e-05,35705.0,10584.0,35703.0,315921.06620651315,1.0146833847423826e-12,1708.3409742116928,23638.0
0.2366796375023801,6.0,3.841743289833037,0.007764677634862409,-3.507370336222476e-09,0.005406856536865234,-4.172325134277344e-06,36008.0,10565.0,36010.0,326171.8166309134,-1.1771842198993459e-11,2532.4573752880096,23732.0
0.14722616423284637,7.0,3.048887346822467,0.00480278775613618,8.746869854548547e-09,0.0027288198471069336,-1.9073486328125e-06,35844.0,8642.0,35847.0,291855.1501527075,9.154812452392107e-12,1401.6791982650757,18148.0
0.21316313828470485,6.0,4.260893735876692,0.00563200268869117,-1.7054772277149058e-09,0.003752589225769043,-1.7881393432617188e-05,47271.0,14324.0,47268.0,414229.2266169377,-2.3983841029656575e-11,2332.8599936962128,31100.0
0.1727880155431981,6.0,3.682489253174079,0.0053232396140300625,6.0823247932022095e-09,0.003925919532775879,-1.5497207641601562e-05,37740.0,11573.0,37743.0,351248.887632181,1.1235465688431048e-11,1869.729358792305,26753.0
0.19475252697392137,5.0,3.6686957564286504,0.007282231575570689,8.393979766650931e-10,0.0057953596115112305,1.4185905456542969e-05,37674.0,10897.0,37674.0,330775.68523959594,-5.0880481821088795e-12,2408.6636337041855,27394.0
0.26363429690029105,6.0,3.319085695487983,0.007577630084444132,1.935323254217259e-09,0.005456447601318359,-2.8014183044433594e-05,31594.0,11286.0,31595.0,349211.3177142312,-1.1923927520509665e-11,2646.040226817131,24141.0
0.20160907996890215,6.0,3.6679696906407937,0.006160516969389221,-1.6830034718538152e-08,0.004400134086608887,-8.106231689453125e-06,35877.0,11298.0,35874.0,342036.26355730236,-4.232693563003789e-12,2107.0384954214096,23163.0
0.272042246988031,6.0,3.9166011298481425,0.007658820349378973,6.336363525934869e-09,0.005700111389160156,-1.609325408935547e-05,37567.0,11167.0,37566.0,347675.14531978685,-2.5561877522629485e-11,2662.627188563347,23346.0
0.32687754217864723,6.0,3.8780222121932693,0.00984308521910033,1.4175295462666368e-09,0.007535457611083984,-1.5497207641601562e-06,32677.0,10621.0,32672.0,330278.0665626557,-3.1076149676249675e-12,3250.6493643522263,21136.0
0.28159751073843753,6.0,3.7764173000202876,0.0067329691055929225,5.151009012693087e-09,0.005083560943603516,-5.698204040527344e-05,37558.0,12298.0,37563.0,380440.10831995413,-1.2908091544778618e-12,2561.3763060569763,25764.0
0.332597928532396,6.0,3.8224622959038164,0.009801049903329478,1.6675933181894494e-09,0.007702350616455078,-6.67572021484375e-06,32690.0,10962.0,32688.0,340517.6866202136,1.255121585981674e-11,3337.130078434944,24501.0
0.2274624059192184,6.0,3.90140301065192,0.006547366866016768,3.552497396431679e-09,0.004793286323547363,-5.364418029785156e-05,38483.0,11768.0,38490.0,360982.8073014699,7.874632688558935e-12,2363.3833755254745,25337.0
0.25223042605144863,6.0,4.064554547359861,0.006994908752566515,-1.2794075928808402e-09,0.004968047142028809,7.271766662597656e-06,35593.0,11461.0,35596.0,367128.8119527485,1.4988979216713752e-12,2567.907947063446,26474.0
0.2642442083223614,6.0,4.243425760020582,0.007252728698563034,3.404772652322575e-10,0.004810214042663574,-4.172325134277344e-06,41910.0,12887.0,41908.0,380956.1674928119,-8.749422802534523e-12,2762.8182067871094,30690.0
0.2930803055922727,7.0,3.612529159920545,0.007744234867951804,-6.600198697194425e-10,0.006047368049621582,-5.0067901611328125e-06,33946.0,11022.0,33946.0,344090.6625637576,1.0594666800357526e-12,2664.566635251045,26093.0
0.29855718295455275,6.0,3.7747735193907177,0.009163161292752698,1.2263236892110121e-08,0.006937861442565918,6.079673767089844e-06,34603.0,10481.0,34602.0,330274.4504289283,6.692453385584996e-13,3026.1065274477005,23021.0
0.2526712917565218,6.0,3.979107188778891,0.00655124759759727,4.048010137910471e-09,0.0045702457427978516,-2.8967857360839844e-05,46501.0,12302.0,46502.0,376343.86611654854,-7.89867918959611e-14,2465.411354660988,28711.0
0.2868853248584835,6.0,4.021488594046053,0.008211403917074103,-2.6099203429608974e-09,0.006557822227478027,-2.4199485778808594e-05,36279.0,11248.0,36278.0,346653.07175304595,-1.2885286762709155e-11,2846.3271511793137,26225.0
0.26961075525164874,7.0,3.6957538613200933,0.007341375932481314,4.956651539498064e-09,0.005499839782714844,-1.8477439880371094e-05,36632.0,11048.0,36635.0,347161.5506664807,2.829426054518593e-12,2548.507265329361,22667.0
0.2714750765118739,6.0,3.8468458369108247,0.00785637124786328,-1.0090266346499018e-09,0.006013035774230957,-6.67572021484375e-06,38140.0,11523.0,38141.0,348187.93052998645,1.969744880672019e-12,2735.329208254814,25553.0
0.30497927588670404,6.0,3.5171197853637737,0.008005252859115021,-3.068920384402104e-10,0.005983233451843262,-1.2636184692382812e-05,35419.0,11387.0,35422.0,358941.11609972065,-9.81433842152828e-14,2873.2373509407043,25764.0
0.2965248995181384,6.0,4.1787986810027045,0.008086197886036693,-1.8519305496507004e-09,0.006369590759277344,-1.6450881958007812e-05,36647.0,11007.0,36647.0,346140.7162328505,-1.1137447532608067e-11,2798.786726117134,22752.0
0.30319769895265963,7.0,4.011460073552571,0.008991562652437331,-3.4685179972202133e-09,0.00726926326751709,-9.179115295410156e-06,37926.0,11254.0,37925.0,344609.80107598397,3.034848004988707e-11,3098.3396334648132,24251.0
0.26252372473275604,7.0,3.4769150205317985,0.008324079109277132,1.1321875782070738e-08,0.006557822227478027,-7.510185241699219e-06,35441.0,11485.0,35441.0,327708.7375068757,1.3851300677891562e-12,2727.6925110816956,27174.0
0.29211907860508246,6.0,3.544400441672631,0.00959613727993957,-2.966947813484499e-10,0.007782936096191406,1.6808509826660156e-05,34381.0,10446.0,34382.0,321058.5702183562,1.2334144635940233e-11,3080.6575471162796,24449.0
0.42337526916781865,7.0,5.067399841566208,0.010217607431355016,2.046326650444591e-10,0.007419109344482422,-7.271766662597656e-06,47772.0,13138.0,47775.0,393264.4787354567,-4.302478259601652e-12,4017.7982469797134,30153.0
0.2683233086187017,6.0,3.2972633034967154,0.00886634305937825,-1.2927252581971064e-09,0.006781935691833496,-1.8358230590820312e-05,33619.0,10653.0,33616.0,317983.9358896728,-7.162753625512578e-12,2819.1335728168488,24045.0
0.40859877772747566,6.0,4.220191719177996,0.012409309349595402,-1.86154493229998e-09,0.009293198585510254,-1.52587890625e-05,35290.0,10963.0,35288.0,336953.52341153956,-1.4815357222555485e-11,4180.73354780674,26266.0
0.26262831565474104,6.0,3.8994049470591174,0.00777580080472722,-7.635837224678496e-10,0.005777716636657715,1.71661376953125e-05,34402.0,11140.0,34404.0,336923.3035089243,-9.235416404620651e-14,2619.6906185150146,26447.0
0.33171309186758097,6.0,4.0617780225996265,0.009684859602930073,-1.0430303754696349e-09,0.007310390472412109,-1.7762184143066406e-05,32099.0,10652.0,32094.0,330788.6066090668,-6.445006833138917e-12,3203.354477405548,24243.0
0.2793585964530501,6.0,3.8050265134852865,0.00820992067809704,-8.108883607611494e-10,0.006873011589050293,8.344650268554688e-07,32486.0,11183.0,32488.0,342555.75710996595,1.5263731555803322e-12,2812.1851794719696,25917.0
0.30293044189206575,7.0,3.279023582427241,0.009583104822630292,-1.2789976644823597e-09,0.007475376129150391,-3.516674041748047e-05,31458.0,10162.0,31460.0,309282.02443143545,-2.706898405140883e-12,2963.623081922531,23356.0
0.29071109728342814,7.0,3.195624843157261,0.008239617266027071,2.2574754169067087e-09,0.00661015510559082,-8.463859558105469e-06,29293.0,10109.0,29298.0,331803.7345053479,2.433407465364055e-12,2733.76493537426,22213.0
0.28483419237899127,8.0,4.198043476066366,0.007417096481960166,-1.1124671146311628e-10,0.005883336067199707,-4.291534423828125e-05,34898.0,10257.0,34901.0,346137.0289970303,-1.363660575567945e-11,2567.1980172395706,22665.0
0.20509957134588516,7.0,3.709172732392583,0.005263434664645055,7.49484267417496e-11,0.0036276578903198242,-7.271766662597656e-06,38113.0,10341.0,38116.0,343569.0597709958,-1.7123547471774687e-12,1808.3003499507904,22296.0
0.3539069215848605,6.0,4.411392828113583,0.009920723277655199,-7.792350722506386e-10,0.007385611534118652,-1.2159347534179688e-05,39270.0,12338.0,39267.0,366123.28653852467,-1.733932740478539e-11,3631.847822546959,29060.0
0.25327009258897476,6.0,4.077145909358202,0.007424508968874696,2.556005344372127e-09,0.005721569061279297,2.491474151611328e-05,34377.0,10855.0,34371.0,328728.3599886784,-5.470096207115059e-12,2440.5177676677704,24365.0
0.2390322499791515,6.0,3.885949729361191,0.00758077738280309,2.1553527491803836e-09,0.005743741989135742,-5.3763389587402344e-05,30051.0,10586.0,30049.0,312343.97178391484,-5.3886045420384125e-12,2367.6814576387405,23022.0
0.2804237064131259,5.0,3.8913703639597244,0.009543291175792354,2.950997517050886e-09,0.006365418434143066,-1.1682510375976562e-05,41817.0,11794.0,41823.0,340007.9998949626,-6.872952066458703e-12,3244.4804174900055,28892.0
0.3134254909480788,7.0,3.468396179211121,0.010302026089324928,4.434454416599735e-09,0.00795137882232666,-4.649162292480469e-05,34528.0,11341.0,34533.0,321064.02970924455,-1.9538957114550126e-11,3307.269737482071,29432.0
0.26284607356097445,6.0,3.6930384928407185,0.008156021107694646,9.058159030782058e-10,0.005652666091918945,-1.3589859008789062e-05,44901.0,13568.0,44902.0,383521.4550407282,9.790055731951303e-12,3127.7933146953583,36115.0
0.3290429472625931,6.0,3.6894866333200382,0.010498580445844653,9.379862549263885e-10,0.008108735084533691,-5.0067901611328125e-05,33475.0,10783.0,33475.0,321064.87022877374,-1.0996943209164998e-11,3370.369779109955,25141.0
0.21722141228835878,6.0,4.203227006796217,0.006425160422202411,1.499304613128765e-09,0.005033612251281738,1.5497207641601562e-06,38355.0,11480.0,38357.0,351764.9178647875,-8.521057794489641e-12,2260.0566036701202,30262.0
0.2816468322831202,6.0,3.8858726843360087,0.00877729736959868,2.3257382577004904e-09,0.006528735160827637,1.5497207641601562e-06,34157.0,11606.0,34151.0,331296.13151940523,-9.795192588490793e-12,2907.664076924324,29989.0
0.29891455771295944,6.0,4.116447348121421,0.008669175753455941,5.876135184039125e-09,0.006928801536560059,-3.695487976074219e-05,39161.0,11913.0,39160.0,360993.3006210538,-1.8155386275529976e-11,3129.286364197731,27478.0
0.31746862051303243,6.0,4.085505800938755,0.009209281830523032,3.912374828502234e-09,0.008391261100769043,-5.9604644775390625e-06,30570.0,11334.0,30571.0,344607.710949884,1.465577711291042e-12,3173.361961007118,25965.0
0.3281431705584067,6.0,4.32951115107201,0.009249982606105062,-9.678669042062155e-09,0.006169319152832031,4.649162292480469e-06,41862.0,12181.0,41864.0,352806.72824072826,-6.0897826465428865e-12,3263.1626138687134,29228.0
0.2239613542210755,6.0,3.85833207541066,0.007097000333244315,-1.5280441245570976e-09,0.00493013858795166,6.794929504394531e-06,44322.0,12191.0,44321.0,365594.56999166263,-5.2193186337100576e-12,2594.4858968257904,29186.0
0.3443710454237435,6.0,4.5758918115457785,0.009224438357401705,2.599064626234124e-10,0.007624626159667969,-2.205371856689453e-05,38536.0,13141.0,38533.0,383013.05683169933,-8.033140490938877e-12,3532.8030754327774,31287.0
0.4085026594016549,6.0,4.637092983108246,0.010722064729287622,-1.3571447577231928e-09,0.008465170860290527,-1.0967254638671875e-05,38962.0,12163.0,38968.0,374320.3797902958,-5.3511923351238155e-12,4013.0436648130417,27069.0
0.4134803770756225,6.0,3.940151885413828,0.011741358369018802,1.3464022728675238e-09,0.009153366088867188,-2.8848648071289062e-05,29288.0,10787.0,29292.0,334897.80458170164,1.7035779529838397e-12,3931.652556657791,24837.0
0.3081758827822547,6.0,4.567330404094906,0.008948434243060266,-2.5705071876627277e-09,0.0068073272705078125,-1.71661376953125e-05,33756.0,11694.0,33755.0,354337.82542033854,-7.285346553499272e-12,3170.528685092926,26879.0
0.3400113177732001,6.0,4.105482977793434,0.00991305747919287,-1.6699478164445635e-09,0.00866079330444336,-4.0411949157714844e-05,29990.0,11535.0,29992.0,350244.37282584276,-1.6227802881084147e-11,3471.701425075531,25916.0
0.29649674381393465,6.0,3.77207031540308,0.008899059431968216,1.2298833832900637e-08,0.0065975189208984375,-1.5974044799804688e-05,36867.0,11520.0,36868.0,360995.07368132414,1.4939134858303386e-13,3212.266785979271,28058.0
0.2588070099491648,5.0,4.329132289353835,0.008935320040048508,3.835541007418431e-09,0.007628440856933594,8.463859558105469e-06,36949.0,15945.0,36952.0,381473.48965458,4.081578565748336e-13,3408.3510233163834,38273.0
0.2780081288425296,5.0,4.191584156144356,0.008836277142811691,1.507244947253323e-10,0.0067903995513916016,-9.775161743164062e-06,42732.0,14166.0,42727.0,389156.4041856789,2.7982716937541454e-13,3438.434015750885,37060.0
0.26380286158618005,6.0,4.224101927086001,0.00745381778776675,7.91545896410492e-10,0.0054885149002075195,-3.5643577575683594e-05,39991.0,12457.0,39991.0,375323.4013002163,-7.715105800102841e-12,2797.4401772022247,31387.0
0.2601306742632462,6.0,3.7832994385166843,0.007797114002666873,1.4517782425131227e-09,0.006071686744689941,-3.838539123535156e-05,36027.0,12078.0,36030.0,360987.9338632397,-1.3680365609986856e-11,2814.500850200653,29589.0
0.34041085135098853,6.0,3.8778275887938674,0.010204304861949507,-8.479980887231949e-09,0.007442474365234375,-6.67572021484375e-06,39376.0,12202.0,39376.0,364076.1815411483,-7.819346028874905e-12,3714.7649376392365,28675.0
0.26691939809965726,6.0,4.360909370770961,0.008004676038521069,3.256310372965477e-09,0.006067395210266113,-7.62939453125e-06,38330.0,11956.0,38335.0,366109.5872353702,-1.2832503915672719e-11,2930.4078369140625,27880.0
0.2965905251551638,6.0,4.621961517492867,0.008651808609699834,-3.221947701760788e-09,0.006850242614746094,-3.349781036376953e-05,39418.0,13460.0,39417.0,386594.24177006935,6.68817245178436e-12,3344.503698825836,32243.0
0.26757329085922044,6.0,4.135974195054991,0.007504735572899985,3.050695855858306e-09,0.0058135986328125,-1.3470649719238281e-05,33505.0,11517.0,33500.0,353305.71199266025,-9.390223887018245e-12,2651.3255163431168,29091.0
0.24929599488132864,7.0,4.16469262919758,0.006379404114608773,-9.099105152218455e-10,0.004503130912780762,-1.049041748046875e-05,38123.0,12154.0,38119.0,378902.2161686157,-1.9362950387507852e-11,2417.0732867717743,29543.0
0.2907112614543543,7.0,4.352218265349981,0.007825117290617694,7.265339433115126e-10,0.006035447120666504,-5.1856040954589844e-05,38031.0,12401.0,38035.0,369692.4862402658,-1.0988546503944002e-11,2892.718933939934,31196.0
0.2165838369044588,6.0,4.0169717109814105,0.00628630607105321,1.115096842794038e-09,0.004458189010620117,-1.5616416931152344e-05,34728.0,12510.0,34729.0,357397.17711039336,-1.4185842465186602e-11,2246.6189225912094,28381.0
0.29984581713503444,7.0,4.109176788382687,0.008123015397219232,4.085130261867192e-10,0.006556153297424316,-7.033348083496094e-06,35406.0,11993.0,35403.0,363036.6910660533,-2.229541273985998e-12,2948.7764344215393,28580.0
0.3125802086040273,6.0,4.077320866863853,0.008860615036849324,-1.606268365605913e-10,0.006821155548095703,-7.033348083496094e-06,35783.0,11703.0,35783.0,359969.61637314945,-5.932763144848631e-12,3189.3163582086563,28580.0
0.3048687927617508,6.0,4.359576187683509,0.008498927156091091,2.1833376322085605e-10,0.007150530815124512,7.748603820800781e-06,36386.0,12546.0,36390.0,378399.1166251254,-5.667406876358995e-12,3215.7815626859665,30708.0
0.29830072030594007,6.0,4.712747455135335,0.008297723138263451,-2.846662876890654e-09,0.006447911262512207,-2.3245811462402344e-05,47050.0,14017.0,47050.0,409122.48461039,-9.49139972146961e-12,3394.5570472478867,37575.0
0.31300777011582565,5.0,4.298943433465175,0.010305800977009363,1.8541729648018864e-09,0.008122086524963379,-6.556510925292969e-06,39449.0,13800.0,39448.0,381485.7660861079,7.449480348128599e-12,3931.1168652772903,34060.0
0.267023497268456,5.0,4.277640144088009,0.008718788310969573,-3.202483503544617e-09,0.006815075874328613,-1.2874603271484375e-05,39786.0,13367.0,39785.0,371745.883555436,-1.1454036690442452e-11,3240.9392721652985,32884.0
0.3131890753729266,7.0,4.36452254123269,0.008233422699269164,3.694921215355579e-10,0.0065114498138427734,8.821487426757812e-06,40302.0,13100.0,40306.0,385567.7476711722,-8.22846503412081e-12,3174.3384877443314,33173.0
0.3319172448311804,6.0,4.1752755292158215,0.010017975812891535,3.1497670269011128e-09,0.007503867149353027,-3.814697265625e-06,37234.0,12092.0,37238.0,360489.85023214185,-6.215219761272964e-12,3611.0294716358185,30647.0
0.31995924148564964,5.0,4.141848095890741,0.009619865638483896,2.3419585551604407e-09,0.0073081254959106445,4.291534423828125e-06,39197.0,12540.0,39200.0,374311.6040094476,-7.377343456455341e-12,3600.513691306114,29888.0
0.3646727306394089,5.0,4.535551392251971,0.010679598089769066,-3.618412489668055e-10,0.008024334907531738,7.152557373046875e-06,41983.0,14013.0,41991.0,397362.77155588235,-1.8630542436117753e-11,4243.207233428955,32381.0
0.31978773097062035,6.0,4.935861136628077,0.008733196635963345,-8.139457079444551e-11,0.006492257118225098,-1.0371208190917969e-05,40758.0,12709.0,40754.0,377891.78319935245,3.472350466838964e-12,3299.951880455017,29915.0
0.24521975841246477,5.0,4.851686265646838,0.007975580743949785,2.452543578917737e-09,0.006463289260864258,9.5367431640625e-07,36840.0,14472.0,36840.0,371228.7075404038,5.28200706992791e-12,2960.591401219368,35651.0
0.261348963425814,5.0,4.315443930465175,0.008347320329318625,-2.9957408125111746e-10,0.006169915199279785,3.719329833984375e-05,38813.0,14314.0,38817.0,376865.37887462816,-2.1221601914149072e-11,3145.595845580101,35088.0
0.3094797627779906,6.0,4.114189425753337,0.008730865369422218,-1.3593082907606945e-09,0.007176041603088379,-1.2874603271484375e-05,35830.0,13109.0,35826.0,360991.8829840478,-8.037676935661269e-12,3151.5542798042297,28902.0
0.36043629690092427,6.0,4.017479722909074,0.011119397710831213,3.6555726594034943e-09,0.008363604545593262,-2.0384788513183594e-05,35490.0,12298.0,35489.0,349231.760822849,1.5568769872675653e-12,3882.793606042862,27544.0
0.34629181184330826,6.0,4.364639674276667,0.009341250371209692,2.4783778248640243e-09,0.007324814796447754,5.7220458984375e-06,36323.0,12134.0,36327.0,366116.4492639173,8.825271370024502e-12,3419.7103246450424,26269.0
0.2506081013925501,6.0,3.87952563689165,0.007832763136262981,7.498365557798728e-11,0.0062029361724853516,-2.562999725341797e-05,34227.0,12467.0,34220.0,348187.4695972529,1.4128249621189692e-11,2727.1096428632736,30441.0
0.2889951348439899,5.0,3.8273446719543487,0.010005506660004958,4.1045278872229173e-10,0.007881999015808105,-3.361701965332031e-05,33020.0,11886.0,33014.0,336934.12924958277,-2.4160218098456336e-11,3370.88521027565,27553.0
0.3620924246054395,5.0,4.344712283346409,0.011282638120102106,1.2982120726385545e-09,0.008753061294555664,-4.124641418457031e-05,33863.0,13007.0,33860.0,361009.93321746035,-5.040737088077924e-12,4072.660034298897,28785.0
0.4823975467357515,7.0,4.306007049025463,0.013433522895818303,7.089027179470853e-10,0.011363983154296875,-1.049041748046875e-05,32239.0,11271.0,32240.0,343101.27861128125,4.204205581562729e-12,4608.329728841782,27236.0
0.3648799624816096,6.0,4.074117401538611,0.011186910864058413,-4.722752549817076e-09,0.008883953094482422,-5.817413330078125e-05,34049.0,12259.0,34051.0,352815.2621578501,-6.080361275731069e-12,3946.462480068207,27140.0
0.39706697026212695,5.0,4.2924436651435505,0.0134416277271583,-3.5552284270460904e-10,0.010728955268859863,-2.658367156982422e-05,33990.0,13934.0,33992.0,360514.0707044154,-5.6323258270176245e-12,4845.101922392845,32350.0
0.43206950959434803,5.0,4.411901696767073,0.013292097810467574,2.671881966295086e-09,0.010616302490234375,-3.1113624572753906e-05,39203.0,13279.0,39204.0,371268.62033208035,-1.1263391673715971e-11,4934.119751930237,30932.0
0.3262879874227804,5.0,4.765799700636029,0.00987883489168201,-5.02431050633585e-10,0.007985234260559082,-1.1920928955078125e-05,45050.0,14805.0,45049.0,392236.1418310629,3.290509211837415e-12,3874.4691656827927,36234.0
0.4342691169331129,5.0,4.340565610512713,0.013831646659280723,-5.949309522184966e-10,0.010859012603759766,-3.0040740966796875e-05,40794.0,13759.0,40792.0,379979.1527965851,-4.718010348920991e-12,5254.794713973999,32331.0
0.2893289668584344,5.0,3.923768248511921,0.010203105684779733,9.054724595558288e-10,0.007850289344787598,-1.3470649719238281e-05,38277.0,11787.0,38274.0,346153.4787650859,-9.907734575228277e-12,3531.488736510277,28774.0
0.3107618890341174,7.0,3.854450980213335,0.008990906238177002,-7.539950523602864e-10,0.007257580757141113,-2.5033950805664062e-05,32730.0,11081.0,32724.0,343584.46963323065,6.186594419221015e-12,3088.9067562818527,25865.0
0.40784395967481407,5.0,4.515220213902297,0.012296960562764329,-6.944596694300109e-10,0.010547161102294922,-3.4689903259277344e-05,36381.0,13555.0,36379.0,385593.69227214303,-8.356231896686542e-12,4741.007066249847,31669.0
0.25411952095507473,5.0,4.224218531839302,0.009220205184240594,-1.2089560595818358e-09,0.007021665573120117,-7.271766662597656e-06,38351.0,12123.0,38356.0,356388.5387524521,-1.5753816966211365e-11,3285.7030992507935,31574.0
0.3872155592027971,5.0,4.326801097378653,0.013736245030686354,1.7509465770955971e-09,0.010542154312133789,-1.7404556274414062e-05,36027.0,11695.0,36030.0,351301.3220984801,-6.20028327572161e-12,4824.704968333244,27108.0
0.283373697871794,5.0,4.095616845212084,0.011387647822824767,-3.359443417865866e-09,0.008441805839538574,-2.288818359375e-05,37734.0,13436.0,37739.0,353330.6953930412,1.6763171728622004e-11,4023.1079363822937,33642.0
0.3336650740573203,6.0,4.200262716268171,0.010893044972536322,-7.005055835554377e-10,0.008986592292785645,-2.6106834411621094e-05,35332.0,12178.0,35334.0,352812.31734510115,1.0633011570892648e-11,3842.7939401865005,30456.0
0.36279490289098754,6.0,4.412186099226295,0.010508109001414618,2.5154069241476764e-09,0.00807046890258789,-2.4080276489257812e-05,33725.0,11696.0,33727.0,349740.2308374678,-4.184911699029557e-12,3674.7172421216965,25039.0
0.344939872187282,7.0,3.9310165039178218,0.008907815148230951,6.856809807035102e-09,0.007171273231506348,-4.220008850097656e-05,30258.0,10805.0,30253.0,345631.9341848165,3.789285121570728e-12,3078.6032699346542,23887.0
0.3200230298980293,7.0,4.1006528884698445,0.008374384501829639,4.934528975537555e-09,0.006477236747741699,1.2874603271484375e-05,33354.0,12254.0,33357.0,361503.31397382205,-6.138505524176564e-13,3027.164135336876,26318.0
0.34152317787649267,5.0,4.076905780424033,0.01163416774666328,1.7435271305068612e-09,0.008959531784057617,-2.4080276489257812e-05,39334.0,12128.0,39342.0,357429.5564479303,-1.6640249501346717e-11,4157.853771805763,29790.0
0.25714354159069686,7.0,3.897963206997444,0.007392033763245163,-3.1304050066367726e-09,0.006081342697143555,1.0132789611816406e-05,32360.0,11156.0,32359.0,350744.1891936138,4.184497558909942e-12,2592.5858256816864,27736.0
0.03532402200763723,6.0,2.938875422416973,0.0017118226563448205,2.9560230035523117e-10,0.00115966796875,-2.4437904357910156e-05,31294.0,8075.0,31301.0,241159.74511117412,-5.680105166135209e-11,412.82143998146057,17602.0
0.10173496222144623,9.0,3.025401974195392,0.003022905033833776,3.1271518070541537e-09,0.002149820327758789,4.279613494873047e-05,44216.0,8127.0,44221.0,290825.7574859238,3.712997209077265e-11,879.1303106546402,17054.0
0.09208160635835742,10.0,3.2079657671463306,0.0028319475652196246,4.982857322297427e-09,0.0018881559371948242,1.811981201171875e-05,49876.0,8658.0,49869.0,299529.6600224211,-7.47657749717081e-12,848.2447583675385,20061.0
0.08145522481459871,10.0,3.0556937409090787,0.002406921752113808,-5.994073528560601e-09,0.0016362667083740234,2.3484230041503906e-05,40137.0,7227.0,40137.0,281096.7647039469,-2.495040105879683e-11,676.5736699104309,15352.0
0.10956635460831925,10.0,3.3013390275846546,0.0033197183938420407,-4.496486184316913e-10,0.002339601516723633,7.62939453125e-06,49526.0,8505.0,49523.0,297994.4539179484,-2.531864545475984e-11,989.2462038993835,16255.0
0.1204772218757745,12.0,3.4799557706540925,0.0031798499178184786,3.1864477869539464e-09,0.0021790266036987305,2.2530555725097656e-05,53600.0,8061.0,53594.0,317962.479098373,-1.1566372841489684e-12,1011.0619000196457,16831.0
0.10642354768284842,10.0,3.0138819723252714,0.00335593679573952,6.371645785985934e-09,0.0023963451385498047,4.172325134277344e-06,48699.0,7968.0,48698.0,291850.4470730298,-1.7724681632850204e-12,979.4200860261917,16100.0
0.10034753556694828,10.0,3.584223721635579,0.0033488910975467564,-1.9098544594136782e-09,0.0022984743118286133,1.0013580322265625e-05,53181.0,9206.0,53186.0,312842.842856159,1.0324106606345319e-11,1047.6637420654297,23636.0
0.11244488270239508,9.0,3.187282028112457,0.004325847908695782,1.8985756530437833e-09,0.0031290054321289062,-1.1920928955078125e-06,48208.0,10286.0,48211.0,294924.64072160405,8.298780319584634e-12,1275.7747393846512,28788.0
0.09678123276655355,11.0,3.1851327937639042,0.0035443197037452632,4.106000740760448e-09,0.0025655031204223633,0.0,52433.0,9243.0,52434.0,290826.8018692061,-1.4309753559696436e-11,1030.7696892023087,25592.0
0.12248343109543941,8.0,3.4189784461899086,0.003714874472204075,5.042658911979237e-10,0.002550482749938965,-1.4424324035644531e-05,44924.0,10359.0,44924.0,314891.76442803,2.600955827795171e-11,1169.7656779289246,23354.0
0.1488802373922869,8.0,3.640318012524822,0.004585748551311645,-4.170878620091212e-09,0.003013134002685547,-1.6689300537109375e-06,44608.0,10441.0,44601.0,310286.31148959947,-1.369499928549093e-11,1422.8614747524261,23733.0
0.09017648973567699,10.0,3.1132798373964863,0.002888398545680702,-2.762379158545716e-09,0.0018323659896850586,1.895427703857422e-05,50905.0,7895.0,50914.0,283657.7253468115,5.20384471094534e-13,819.3086894750595,19194.0
0.1118129310599803,8.0,3.5070904595868324,0.0037081859723318068,6.910184168194972e-09,0.002385258674621582,-8.344650268554688e-07,49719.0,10306.0,49708.0,314892.03315019386,1.8858841910104816e-11,1167.6595562696457,24705.0
0.09183317322444491,8.0,3.732308726303644,0.0024116030452312363,-2.255053196117747e-09,0.0018069744110107422,1.3709068298339844e-05,42790.0,10603.0,42792.0,333832.8901864772,9.854159471663694e-12,805.0678561925888,19145.0
0.09580364090244793,8.0,3.158774397161499,0.0028436029480957887,-2.029233512782366e-09,0.0020128488540649414,1.5139579772949219e-05,45040.0,10019.0,45039.0,313353.6329301185,-1.6841989562959403e-11,891.0458273887634,19533.0
0.10903494662979028,7.0,2.923674739815425,0.0036079147685121695,7.339494292681472e-12,0.0026035308837890625,-5.984306335449219e-05,34740.0,9718.0,34744.0,292362.80542072107,-4.7863715129957004e-11,1054.8063538074493,19287.0
0.09344338026717136,7.0,3.804705344175315,0.0027550069641874113,1.1641295339933473e-09,0.001974344253540039,-2.5033950805664062e-05,47892.0,12437.0,47899.0,344073.7134808499,4.067375096358616e-11,947.9180011749268,23716.0
0.09951992827207858,8.0,3.6434148184241604,0.002776187575704425,4.9200889683437796e-09,0.0020235776901245117,0.0,45205.0,10528.0,45210.0,325641.54935072485,1.0387866233882778e-11,904.0349459648132,20469.0
0.12995492839488845,6.0,3.6985003939560053,0.0038202790362203737,-1.5271975758854459e-09,0.002683281898498535,-4.38690185546875e-05,42068.0,12771.0,42068.0,340492.24906805763,-1.460298249500185e-12,1300.7553482055664,25157.0
0.06628199085762189,6.0,3.8425843974586407,0.0030481966119535763,5.5489480357571275e-09,0.0022345781326293945,7.152557373046875e-07,51954.0,11946.0,51952.0,322058.01431085035,-1.304917645059617e-11,981.686959862709,31407.0
0.057123828137001974,12.0,2.9427167179020968,0.0023826918681041144,-8.943832511243938e-10,0.0017784833908081055,3.886222839355469e-05,41209.0,7234.0,41206.0,284168.5407524648,4.2472137504374544e-11,677.0824000835419,24768.0
0.06000557115559132,10.0,3.5327121762994302,0.0020269267001054967,-1.1902595948012491e-09,0.001368403434753418,-1.5497207641601562e-06,45346.0,8403.0,45346.0,301064.3104193679,1.8654665389706687e-11,610.2326331138611,24438.0
0.07545403251031631,10.0,3.921660875375632,0.0023900243767295973,1.114568688848704e-09,0.0016120672225952148,-7.510185241699219e-06,51291.0,8799.0,51297.0,334345.05148814194,-3.103960484051369e-11,799.0879201889038,26978.0
0.07095729348881176,10.0,3.6995671084408643,0.002710964235597659,-5.0778152707119274e-09,0.0020848512649536133,3.135204315185547e-05,48061.0,9196.0,48058.0,322569.25693105214,1.9047071354036692e-11,874.4676005840302,26820.0
0.05249835805422608,11.0,3.5913344995691836,0.0016201297711833287,-1.325343318680687e-09,0.0010576248168945312,-1.2159347534179688e-05,53631.0,7981.0,53633.0,311303.9155895269,-8.464820885186014e-12,504.3512581586838,19895.0
0.053838642382837996,8.0,4.275419004069745,0.0016530733535024056,-2.808897835788079e-09,0.0009388923645019531,7.62939453125e-06,60760.0,10566.0,60766.0,342024.0965645347,-1.3033867797423062e-11,565.3891075849533,24440.0
0.069498731692632,10.0,3.4846445812710307,0.0020341738711284604,-1.3630667995585213e-08,0.0014213323593139648,-5.9604644775390625e-06,51661.0,8854.0,51659.0,315912.3985697453,1.9783412693196754e-11,642.617901802063,16146.0
0.07095407658017933,7.0,3.392911138576416,0.0027048194746912124,3.54591030239661e-09,0.001922607421875,3.5762786865234375e-07,47512.0,9931.0,47511.0,318473.41678488883,-4.086385976521482e-12,861.4065629243851,26460.0
0.07507874655209984,9.0,3.455586838590836,0.002166388004384081,1.7312589753670214e-09,0.0015246868133544922,8.463859558105469e-06,49507.0,9245.0,49506.0,331272.62302807416,2.9181544526691955e-11,717.6615206003189,21118.0
0.06501169207685398,10.0,3.194879362030367,0.0021635141326754705,-1.8846686955987703e-09,0.0013619661331176758,6.9141387939453125e-06,53880.0,8389.0,53875.0,313352.6647673016,-3.41308176466001e-11,677.9393169879913,23653.0
0.07468495698337392,11.0,4.065798789433359,0.0018671519178929629,-5.08792082436841e-09,0.001331925392150879,1.7881393432617188e-06,55147.0,8989.0,55152.0,344584.2468948403,-1.137299944446231e-12,643.3888093233109,19495.0
0.07454296551053478,13.0,4.018777543638377,0.002106361602096313,4.131802086964162e-09,0.0014919042587280273,2.3484230041503906e-05,51289.0,9384.0,51291.0,347144.54611468327,9.448828482982892e-12,731.2086856365204,21243.0
0.07659329961081501,12.0,3.4000791435826754,0.0022801539163234425,2.3987497649659027e-09,0.0016512870788574219,3.933906555175781e-06,46559.0,7669.0,46567.0,312840.6673298404,-1.0914554980574983e-11,713.3210710287094,18345.0
0.07180042812748554,10.0,3.472318596650882,0.0024097439335989445,-6.371874199647684e-09,0.0016363859176635742,1.919269561767578e-05,46250.0,9218.0,46245.0,303624.9069078084,1.786593826369032e-12,731.6536823511124,22371.0
0.08680651935725531,9.0,3.4796198391392497,0.0028012787421945536,9.949585914401236e-09,0.002058863639831543,3.5762786865234375e-07,47069.0,9779.0,47070.0,321545.61628341087,-3.360880142586773e-12,900.7315706014633,24717.0
0.07306973428142324,11.0,3.0235109593145078,0.002288740499747288,4.446677467326074e-10,0.0016463994979858398,2.3603439331054688e-05,45579.0,8572.0,45577.0,295432.57104180456,-8.924785059284142e-12,676.1648945808411,16355.0
0.07495174887904782,9.0,3.265382473219491,0.0023438307384040374,-5.395167895667857e-09,0.001605391502380371,7.62939453125e-06,44568.0,8883.0,44572.0,317448.87344645394,1.2911448701699079e-11,744.0420364141464,22333.0
0.06550459718352805,12.0,3.3843241154211174,0.0022980805561854554,5.262734269710576e-09,0.0016273260116577148,2.491474151611328e-05,47077.0,8276.0,47074.0,295944.60736882145,-6.353762856451586e-12,680.1008540391922,17960.0
0.09441900686612208,8.0,4.098308167860622,0.0026494048795390156,7.05190172171834e-10,0.0019664764404296875,7.510185241699219e-06,47397.0,11127.0,47401.0,337417.3294545911,-1.2929745868725433e-11,893.948947429657,21220.0
0.08976161098128808,11.0,4.032989274874843,0.0023832429301275018,3.4289216634078676e-09,0.0017991065979003906,3.075599670410156e-05,43421.0,9836.0,43409.0,339976.8632385417,1.6658554165380465e-11,810.2430151700974,21570.0
0.08334699076995272,10.0,3.46438270129521,0.0023274633258194293,8.186995822127468e-09,0.001629948616027832,1.0013580322265625e-05,44978.0,9309.0,44975.0,312840.71582740627,-1.122754655928951e-11,728.1212993860245,16789.0
0.09143163021189292,7.0,4.200395270551502,0.0027330410105986646,5.641406375621302e-10,0.0015529394149780273,-2.193450927734375e-05,48817.0,11405.0,48813.0,329225.93690342497,-1.5117672651124946e-12,899.7799606323242,20676.0
0.1319491824690177,8.0,4.181251712606517,0.0034503929278500165,2.0980552032937557e-09,0.0027350187301635742,-3.4570693969726562e-06,44722.0,11343.0,44717.0,364043.1078333249,-1.3878403502153564e-11,1256.077591061592,24469.0
0.12052523461328868,8.0,3.759771192827197,0.0031335959541698368,1.359031505962999e-08,0.0024352073669433594,3.838539123535156e-05,43034.0,10043.0,43029.0,347658.1882705266,-3.191425067504072e-11,1089.4103014469147,20053.0
0.1343361507737989,8.0,3.6155801278640003,0.0033641380779921575,-4.8826293484041816e-09,0.002422809600830078,1.9788742065429688e-05,40257.0,10262.0,40263.0,337418.782687708,-1.2817307391868284e-11,1135.1106495857239,18778.0
0.13290376193804496,8.0,3.6978823096548576,0.0034764900928402308,-4.86794827538431e-09,0.0030721426010131836,2.2292137145996094e-05,36627.0,10187.0,36626.0,334346.5776988455,-1.9699424961962195e-11,1162.3401271104813,19308.0
0.08781100599268395,11.0,4.231620597656996,0.002002533629381165,-2.5961824538150364e-09,0.0013259649276733398,2.658367156982422e-05,50617.0,10136.0,50613.0,343048.46060570504,-9.547760220748884e-12,686.9631539583206,19594.0
0.12877594350552085,8.0,3.7040390289182192,0.003604591661919762,2.4113513082150495e-09,0.0029507875442504883,3.5762786865234375e-07,37997.0,9622.0,37999.0,311306.8821068234,1.243435721937295e-11,1122.1201981306076,17172.0
0.11868064563290574,8.0,3.372817378646368,0.0029990593243728095,-7.09233781566726e-10,0.0023938417434692383,8.58306884765625e-06,33177.0,9369.0,33179.0,310281.6106796779,4.317065099946361e-11,930.5451281070709,15936.0
0.17570404069899434,7.0,4.158850559836797,0.004952677539902542,-5.152160538952897e-09,0.0038652420043945312,-9.5367431640625e-07,38438.0,11327.0,38436.0,353807.304405567,1.2121445871747932e-11,1752.2523609399796,22892.0
0.08889876564614096,9.0,4.422351587378167,0.002038301479021704,4.318883643187174e-09,0.0013517141342163086,2.3245811462402344e-05,58963.0,12154.0,58963.0,385544.74066990765,5.830409893791887e-12,785.8528671264648,22930.0
0.11736879953451446,8.0,4.2568162021334235,0.0026683856672999645,3.850613642258734e-09,0.0018534660339355469,1.9073486328125e-05,48208.0,12383.0,48217.0,378377.7786853296,1.0447871901935182e-11,1009.650426864624,21558.0
0.06157519328350915,10.0,3.1125610990071837,0.0016572458628047373,2.519989712308409e-09,0.0011647939682006836,-1.430511474609375e-05,41752.0,9907.0,41755.0,295943.86184930545,-3.460567705201287e-11,490.45031237602234,13699.0
0.08633191519854008,9.0,3.9202034842922444,0.00210516163818048,4.382606353416608e-10,0.0013827085494995117,1.8596649169921875e-05,49747.0,10774.0,49747.0,348168.71608847094,-1.667791738876275e-11,732.9478120803833,20150.0
0.09150104432689894,7.0,3.7791587435242975,0.002826728930002285,-7.405858221794099e-09,0.0019245147705078125,1.3709068298339844e-05,42073.0,10773.0,42062.0,321033.74712118716,4.937906565222255e-12,907.4676151275635,19929.0
0.10106908187303947,11.0,4.030614928731134,0.0018424761021067658,7.906006661656614e-09,0.0013691186904907227,5.91278076171875e-05,44700.0,9743.0,44697.0,354824.1636769932,-5.397950685033571e-11,653.752897977829,12359.0
0.1176922265837251,9.0,3.521862370654987,0.002912330356263671,4.329773555491319e-09,0.0020493268966674805,3.457069396972656e-05,41918.0,10147.0,41917.0,333833.90924785123,-1.563030638767112e-11,972.2261551618576,16314.0
0.11698543464786072,9.0,3.725152359473777,0.002825001170904819,3.341606910259439e-09,0.0021636486053466797,4.017353057861328e-05,39079.0,9976.0,39079.0,331273.4923056075,-2.596504369773815e-11,935.8409628868103,15924.0
0.10236937935525352,13.0,3.7533949263578448,0.0029757628533351316,-2.023358775565177e-09,0.002034306526184082,2.8967857360839844e-05,49570.0,9938.0,49569.0,337418.2165857414,-1.624293918479961e-11,1004.0670231580734,19780.0
0.09123900873455625,11.0,3.939001404535594,0.0021297270691945573,2.7512318316450582e-09,0.0014486312866210938,2.4080276489257812e-05,47752.0,10235.0,47749.0,343560.63465512,-1.2831403391174183e-11,731.6869021654129,18101.0
0.10392374778685909,8.0,3.890193720634103,0.0029186310258886372,2.1208244565600304e-10,0.0019530057907104492,2.4557113647460938e-05,45554.0,10777.0,45551.0,333322.03474695736,-2.370375582868044e-11,972.8351749181747,20129.0
0.08305020245835341,13.0,4.135903048013738,0.002171924971508254,6.864808825392465e-09,0.0016194581985473633,2.2530555725097656e-05,51093.0,10990.0,51095.0,351752.61339828,5.155333991463822e-11,763.9767806529999,17145.0
0.07877539587399314,14.0,4.169083356094998,0.002068089686050047,5.34921976052655e-09,0.0014994144439697266,1.5020370483398438e-05,54404.0,10712.0,54399.0,350728.4966907276,1.188908916819477e-13,725.3348913192749,20196.0
0.08926268416061951,8.0,4.026844992450776,0.002368823617949449,3.7131782768413244e-09,0.0017027854919433594,1.8835067749023438e-05,44569.0,11629.0,44564.0,346632.9479236676,-2.8669325041643217e-11,821.1076995134354,20578.0
0.0867319681179496,9.0,3.7818700372930847,0.002123788173381028,5.301748192204013e-09,0.001612544059753418,1.2159347534179688e-05,44521.0,11888.0,44522.0,342536.49820880673,-2.1114019105853613e-11,727.4717819690704,19391.0
0.07239805248724357,9.0,3.7867074339889317,0.002293376452543238,1.0984497754192497e-09,0.001676321029663086,4.291534423828125e-06,44812.0,11021.0,44813.0,323080.6838339999,5.508401004088361e-12,740.9417709112167,21322.0
0.08111478394932221,11.0,3.7259619363571366,0.0021001955292068056,-3.42488422077358e-09,0.0015500783920288086,2.4557113647460938e-05,46634.0,10761.0,46633.0,330248.4454404978,1.4996332143502965e-11,693.58327293396,18077.0
0.07693155701198273,12.0,3.9463580670957272,0.002163464784603229,-1.9251150355631772e-09,0.0016505718231201172,4.291534423828125e-06,46894.0,11117.0,46891.0,339464.5600520821,-2.586096771634732e-11,734.416246175766,23607.0
0.0765786139062203,13.0,3.7090291581132444,0.0021584323467759444,-6.062896899434339e-09,0.0015170574188232422,2.5153160095214844e-05,49977.0,10241.0,49959.0,328712.5758262428,1.4328158480582651e-11,709.5004551410675,18438.0
0.09404824734409933,10.0,4.209069613738875,0.0021854400405007628,2.169065491035596e-09,0.0015624761581420898,1.5735626220703125e-05,47024.0,11367.0,47024.0,349704.72949603497,-1.3022186654700032e-11,764.2549384832382,19456.0
0.09690250062753288,10.0,3.3189228296856204,0.002474382017716721,-7.1338768397950405e-09,0.0019345283508300781,1.5974044799804688e-05,34486.0,10326.0,34487.0,306184.80601511523,3.6939092510953264e-12,757.6137093305588,14786.0
0.09156208509625748,5.0,4.60726627694246,0.0036822129675838492,-3.948480613788087e-09,0.0023355484008789062,7.033348083496094e-06,55041.0,14410.0,55042.0,361484.37544623954,2.2696025251069093e-11,1331.0426613092422,30186.0
0.08635532270077934,6.0,3.8642521752294323,0.0035083445754830528,-2.0991317664451117e-09,0.002602696418762207,1.9788742065429688e-05,44466.0,11753.0,44468.0,322058.9511108111,1.2758839281870266e-11,1129.8799122571945,26797.0
0.09793661985267597,8.0,3.385970787533173,0.0029994941941910353,-1.436492437450563e-08,0.0021598339080810547,1.2993812561035156e-05,39647.0,10865.0,39651.0,318985.9574923938,2.402924868833721e-11,956.787656545639,19884.0
0.08634843505429055,5.0,4.534722718029526,0.0035011433529798914,-9.664500004363568e-09,0.002404332160949707,1.33514404296875e-05,48319.0,11867.0,48319.0,348683.51242796343,1.5209281969099895e-12,1220.7751631736755,30872.0
0.08282694550057919,14.0,3.857881938626988,0.0028865274686863704,3.388715979745848e-09,0.0021948814392089844,1.7642974853515625e-05,46992.0,10841.0,46988.0,341513.7365913581,-2.1748037781363347e-11,985.780882358551,26739.0
0.07497657788854052,14.0,4.240888126737307,0.002382464037244511,-2.040913236991414e-09,0.0018148422241210938,3.612041473388672e-05,46976.0,10691.0,46974.0,347656.8223679226,-1.8720140368965587e-11,828.2755348682404,26467.0
0.07189211101623881,11.0,3.3976387447095995,0.0024640442476777775,-5.013796667056069e-09,0.0018503665924072266,2.110004425048828e-05,43865.0,9874.0,43864.0,295944.76220648614,-3.374561378135918e-11,729.2166467905045,19150.0
0.0919399519207256,4.0,3.3271620146875827,0.005017430405214755,7.58187542113218e-09,0.0036242008209228516,2.86102294921875e-05,39432.0,12085.0,39426.0,292878.3770521838,-4.3394968969236646e-11,1469.4598602056503,27369.0
0.09004357194819422,6.0,4.015642330753389,0.003185047322073978,1.5296483743795307e-09,0.002206087112426758,1.6689300537109375e-05,45091.0,12869.0,45089.0,340490.5891468305,-4.50698014632018e-11,1084.4672075510025,27403.0
0.08511057403622813,5.0,3.540937047144425,0.0035556518504994603,-4.605994002953976e-09,0.002429485321044922,2.2172927856445312e-05,42875.0,11989.0,42877.0,325643.2704392163,-3.67081783532285e-11,1157.8589129447937,27720.0
0.07168803636178941,14.0,3.842327947635007,0.002501165841064583,-3.3160041126555257e-10,0.001764535903930664,9.179115295410156e-06,50513.0,11556.0,50508.0,337929.15011942165,-3.99170705195388e-11,845.2114691734314,25082.0
0.10078707577825398,9.0,4.4563586667262,0.0026275901034719922,-2.6426582572887337e-09,0.0018963813781738281,-4.649162292480469e-06,51658.0,11887.0,51656.0,371209.54434237897,-1.798760991022862e-11,975.3798395395279,24226.0
0.102332852936926,6.0,4.185638242206114,0.0033193064223357954,1.019852961405707e-09,0.0022211074829101562,7.510185241699219e-06,48568.0,11191.0,48567.0,348683.1134746259,-7.827837359965593e-12,1157.3724440336227,26293.0
0.12784127313128438,7.0,4.096431034611313,0.003905427654108783,-4.3028819848754584e-09,0.002886056900024414,5.245208740234375e-06,42314.0,11633.0,42319.0,352268.3244765412,-2.2547253329862946e-11,1375.7376617193222,26681.0
0.1450431611924483,8.0,4.646401050331106,0.0040315048007763706,-2.8017294755382103e-09,0.003273487091064453,2.467632293701172e-05,37975.0,11208.0,37974.0,350732.0839905052,-2.7811731888553216e-11,1413.9575842618942,24372.0
0.09546242321159298,14.0,3.906091988572041,0.0031125038620562154,3.355493252472745e-09,0.002170085906982422,1.1920928955078125e-06,46894.0,10936.0,46889.0,340490.3922183064,-9.030534261879714e-12,1059.7671024799347,25226.0
0.14359061948701618,6.0,4.419826261716449,0.004142928218677053,-4.386782689894831e-09,0.003174424171447754,-8.940696716308594e-06,41758.0,11670.0,41759.0,368141.13234783645,3.186106155767299e-11,1525.1568797826767,23944.0
0.11627566551675593,6.0,4.529857619296286,0.003932734320808278,-5.2377351956865e-09,0.0028074979782104492,7.271766662597656e-06,44577.0,11255.0,44574.0,350732.7320638378,2.5601028819360654e-11,1379.3161101341248,27029.0
0.11388499729217089,5.0,4.225067781882054,0.004670770338171594,-3.1497042594104592e-09,0.0032880306243896484,-7.152557373046875e-07,44774.0,11862.0,44775.0,336398.5994914881,-1.4303421802063547e-11,1571.2051048278809,29969.0
0.10235026540804903,5.0,3.6203944468181932,0.004008950528391514,-2.3300923931417435e-09,0.002675652503967285,-1.7523765563964844e-05,41456.0,11615.0,41457.0,324620.73411792534,-6.881851382644055e-12,1301.3654757738113,27002.0
0.1082730418200395,6.0,2.444320807577479,0.005558847123689784,-1.7704698084308056e-08,0.0031871795654296875,1.33514404296875e-05,30977.0,6949.0,30970.0,223759.0693576748,-5.2974355916479484e-12,1243.7976027727127,15411.0
0.14243657857517522,7.0,4.529006561478836,0.003759255147343353,-2.717056575930484e-09,0.0027834177017211914,2.0503997802734375e-05,44710.0,11895.0,44714.0,370700.2556229676,-1.908562865802274e-11,1393.5370868444443,22615.0
0.12289341722621443,6.0,4.135944150942515,0.004153621693892501,6.461958315032714e-09,0.0030726194381713867,1.4901161193847656e-05,41146.0,11125.0,41140.0,344076.9226955645,1.1713118622716051e-12,1429.1407698392868,27294.0
0.17562698629978268,6.0,4.1943902803177595,0.005215639774782929,2.595820101287239e-09,0.003953695297241211,1.728534698486328e-05,39245.0,10841.0,39241.0,346640.26453940565,-2.1183511626249738e-12,1807.9024307727814,23859.0
0.14517754844662278,7.0,4.3359407248021835,0.00455590991751277,-5.123236561121889e-09,0.0037578344345092773,-2.384185791015625e-06,35357.0,10273.0,35356.0,334349.2243100453,5.244551868852597e-12,1523.236589550972,23480.0
0.15260859274810118,7.0,4.393670352066995,0.004154279571720396,3.6143764599015515e-09,0.003382086753845215,4.172325134277344e-06,31071.0,10186.0,31075.0,331276.1299053429,1.1665641339135732e-11,1376.1923480033875,20749.0
0.14637437014352725,6.0,4.462797640808687,0.004393514104708816,-5.799906648420429e-09,0.003168821334838867,1.2636184692382812e-05,42321.0,11749.0,42325.0,361997.8996692005,1.2707017188273658e-11,1590.412564277649,28853.0
0.164753177168688,7.0,4.32439880358225,0.003993006679069589,-1.3538278101832935e-09,0.00315701961517334,-1.33514404296875e-05,35505.0,11155.0,35508.0,353804.2848653491,1.3591708025794256e-11,1412.7217700481415,22416.0
0.16589621674176508,7.0,4.573342476292982,0.004496089944813246,-6.474433059716506e-09,0.0035560131072998047,7.271766662597656e-06,33782.0,11086.0,33782.0,357389.56550659594,-2.7904301629040156e-11,1606.8261127471924,23502.0
0.15015109278988173,7.0,4.179554386601924,0.00411445933564511,-4.348479205640218e-09,0.0031415224075317383,-3.147125244140625e-05,32750.0,10431.0,32753.0,331276.3087938881,-4.1406266885107275e-12,1363.0010585784912,23147.0
0.1373933189336949,7.0,4.254932962794917,0.0038713975825092153,-2.150639755109232e-09,0.002989530563354492,3.2186508178710938e-06,39753.0,11066.0,39760.0,347659.9285416751,-9.690363597124107e-12,1345.9107265472412,24030.0
0.1306502287039137,7.0,3.6298096923338656,0.004324459856498071,-4.012361018494862e-09,0.0035539865493774414,-1.2159347534179688e-05,36573.0,10168.0,36572.0,322572.5025947945,-5.440431299141622e-12,1394.9280425310135,24815.0
0.1372033422496046,6.0,4.475215490189074,0.004605190682399209,-3.8935346288688545e-09,0.003319263458251953,1.621246337890625e-05,45492.0,11639.0,45493.0,364046.6633826878,1.3561544892640493e-11,1676.4690108299255,30694.0
0.12983169995062466,5.0,3.972526517029878,0.004924435436694415,-9.595847306667094e-09,0.00373685359954834,2.2649765014648438e-06,38141.0,10974.0,38145.0,326670.6842488585,-1.210710920772348e-13,1608.6308530569077,26176.0
0.17095573849688794,5.0,4.5742147190116915,0.005916972568186918,6.882485736534675e-09,0.004547595977783203,4.887580871582031e-06,43702.0,11651.0,43700.0,358930.90160653624,-2.3159956462959102e-11,2123.7138772010803,29288.0
0.16923937909862674,4.0,5.132198604134923,0.0065138576476384815,8.592746324207078e-09,0.005030155181884766,5.960464477539062e-07,46725.0,14309.0,46722.0,376854.3814232385,2.7780217276101863e-12,2454.675602078438,32512.0
0.15798194851059033,5.0,3.867989886615489,0.006528447433043746,5.356899071084695e-09,0.005305886268615723,1.5497207641601562e-06,32971.0,10094.0,32970.0,311314.84377764264,-1.2222303081126736e-11,2032.3252712488174,26205.0
0.12756143445871337,6.0,4.061721247113924,0.0046873602749554774,-8.637658851598352e-10,0.003590226173400879,-7.987022399902344e-06,39724.0,10941.0,39726.0,335374.1328666623,-7.7348332665015e-12,1571.9859533309937,26930.0
0.12858068795296076,19.0,3.678842081643151,0.001343547382316817,-3.8909153720256585e-09,0.0010974407196044922,-3.0875205993652344e-05,36061.0,4983.0,36065.0,314375.5128282936,1.216766668457902e-11,422.3777083158493,9339.0
0.17540602113924864,18.0,3.8595419068387864,0.0016272684991144944,-2.6915229254851e-09,0.0012912750244140625,-8.356571197509766e-05,35917.0,5963.0,35922.0,339975.8542168647,1.0805526803963984e-11,553.2306079864502,11353.0
0.13045684822832918,18.0,3.554164237047662,0.0013478177354478381,-5.90808744223183e-09,0.0010535717010498047,-8.094310760498047e-05,38748.0,5728.0,38745.0,339463.58948155266,-3.1154920358050306e-12,457.53425192832947,10482.0
0.1778973661907135,19.0,3.534686296234986,0.0016134241120759618,4.9584844476049e-09,0.0014562606811523438,-1.9550323486328125e-05,31896.0,4727.0,31899.0,337927.74635444017,-2.8342966804640644e-11,545.2195699214935,8405.0
0.40765819081103183,19.0,3.9383473095263395,0.0034922118914030445,2.4922240271371016e-08,0.003379344940185547,-6.818771362304688e-05,28030.0,4780.0,28028.0,337930.3955245635,9.03721340968984e-12,1180.1126878261566,10124.0
0.2640255244329674,19.0,3.8067875953593804,0.0021546838552425392,-2.853830410866944e-09,0.0019140243530273438,-3.600120544433594e-05,32571.0,5642.0,32571.0,366088.4622672706,7.969836878575199e-12,788.8017485141754,10950.0
0.22180452937441889,16.0,3.961710415036724,0.0026371264228584965,-7.615862825914367e-10,0.00206911563873291,-7.081031799316406e-05,37579.0,6173.0,37578.0,334345.0996324652,1.921243682865111e-11,881.7047595977783,10885.0
0.20928203973910703,17.0,4.220946073876781,0.00212548934866777,-3.1527820041351828e-09,0.0017489194869995117,-7.748603820800781e-05,35959.0,4958.0,35951.0,352776.3956219719,4.3956959423433625e-11,749.8195049762726,10291.0
0.21204454416050125,19.0,3.3211141427266337,0.002037482217951456,-1.1341680250495984e-09,0.0017338991165161133,-0.00010907649993896484,33337.0,4620.0,33335.0,330248.184599607,-5.179723676874774e-12,672.8723900318146,9202.0
0.27541636268297826,19.0,2.8263788990569543,0.0029354697009923115,-9.475328680245005e-10,0.002949357032775879,-1.5497207641601562e-05,25389.0,4500.0,25379.0,279049.0070000958,7.630339673646159e-12,819.1340136528015,10217.0
0.26620033973739254,19.0,3.1892796140680657,0.0025977116024384823,-1.701634784415463e-09,0.002202272415161133,-4.220008850097656e-05,24188.0,4543.0,24187.0,290312.7430401273,-6.986021637722122e-11,754.1442530155182,9174.0
0.354836262703753,19.0,3.8634716147678194,0.0033988861771129613,-1.0012994889592453e-09,0.0030531883239746094,-6.079673767089844e-06,27189.0,4182.0,27192.0,318474.0335985012,-2.1859055317207076e-11,1082.4466797113419,7801.0
0.26866774904754964,19.0,4.101650394349746,0.002375068872621694,-1.6526759226101768e-09,0.0020492076873779297,-3.2901763916015625e-05,31795.0,4660.0,31793.0,338440.6948791561,-1.4115951943728431e-11,803.8159341812134,8412.0
0.35718349823740875,19.0,3.7033418287947675,0.003270451100615003,-1.2211313167875901e-09,0.0028115510940551758,-5.4836273193359375e-06,31478.0,4824.0,31469.0,322058.09683175094,6.8811238566721526e-12,1053.2651292085648,10461.0
0.25864633137812143,19.0,3.0962012461471264,0.00252908120722262,2.709991450136399e-09,0.0021284818649291992,-2.9802322387695312e-05,30167.0,4325.0,30163.0,302600.72516923957,1.1026470841642062e-11,765.2974442243576,7118.0
0.26129398571661,19.0,3.960293527789243,0.0025007262923250847,1.7613373105709497e-08,0.0024306774139404297,-4.100799560546875e-05,26141.0,4902.0,26141.0,307720.5905023449,-9.033004289443551e-11,769.5209939479828,7370.0
0.19385669042058537,18.0,3.253547317522231,0.0021270317299586106,7.01266292058339e-10,0.001789093017578125,-2.47955322265625e-05,30375.0,4124.0,30373.0,299016.19057624997,2.1526998076627427e-13,636.0143927335739,9280.0
0.30958059441340474,18.0,4.391099671909026,0.0026800220308344025,4.95757343603194e-09,0.0025597810745239258,-4.303455352783203e-05,27539.0,4653.0,27539.0,359945.02827000484,2.6037296709509885e-12,964.6551698446274,8461.0
0.2542158790010444,19.0,3.5259424504318764,0.002359703142688291,3.5696526330804503e-09,0.0019049644470214844,-1.4185905456542969e-05,42173.0,6250.0,42169.0,345608.85941647645,-1.1263300527966599e-11,815.5299240350723,13549.0
0.27036753906819816,18.0,4.022075209534043,0.002406946259876986,7.412228225562315e-10,0.0019758939743041992,-5.900859832763672e-05,42480.0,5611.0,42475.0,368136.9459239914,-1.926293449048016e-11,886.0811613798141,12121.0
0.24721726893432552,19.0,4.111423639772221,0.002160544675802858,-1.9559064346256574e-08,0.002112269401550293,-1.5497207641601562e-05,30223.0,5228.0,30220.0,355848.3287539787,3.460704424586786e-11,768.8233412504196,9234.0
0.23845528420677523,18.0,4.158817770312895,0.0022349957219431394,-1.3266148799842658e-09,0.0020540952682495117,-2.8252601623535156e-05,31114.0,4910.0,31119.0,338952.3950837906,4.1947210194963864e-12,757.554034948349,9069.0
0.2686570830491125,18.0,4.3590925350843515,0.0023288617826422386,1.4580473919757096e-08,0.001958131790161133,1.430511474609375e-06,37264.0,5391.0,37265.0,351240.71171034715,-3.7872192602343354e-12,817.9870836734772,9068.0
0.12117993000818746,18.0,3.313939566923486,0.0013274112524064598,1.1219945686073489e-09,0.0010727643966674805,4.76837158203125e-06,38627.0,4995.0,38622.0,328199.51520978095,-2.7299423417471207e-11,435.65504562854767,10177.0
0.10023794778215095,18.0,3.658723392064761,0.0011068535047464019,3.803446050081046e-09,0.0007829666137695312,-2.181529998779297e-05,40780.0,5472.0,40776.0,315399.3820709318,1.623365471286897e-11,349.10048854351044,9647.0
0.2103436409710756,19.0,5.1605365993891725,0.001579595670497654,7.007941972719531e-09,0.0010780096054077148,-9.775161743164062e-06,57503.0,8182.0,57498.0,417288.08319380623,3.131182120404446e-12,659.1447385549545,12574.0
0.1307977463558418,18.0,4.984689300191223,0.0013635129865535289,-4.385921895722541e-09,0.0007200241088867188,-7.748603820800781e-06,69532.0,8085.0,69534.0,388103.84827515506,-2.065507927965697e-13,529.1834806203842,15061.0
0.15199858395420762,17.0,3.665445584850822,0.0019348370715377803,5.17500312339913e-09,0.0014644861221313477,-8.702278137207031e-06,46479.0,5457.0,46486.0,338440.20815604395,-5.7709760203973476e-12,654.8243236541748,10822.0
0.20349280331545672,18.0,4.0078640832262575,0.001864179715285318,4.980076536917436e-10,0.0015265941619873047,-9.298324584960938e-06,37525.0,5023.0,37528.0,357384.0995762451,-2.2560023794497923e-11,666.2261391878128,9445.0
0.15894619813176236,17.0,3.851797838746668,0.0017784288088295427,-4.2714703881950833e-10,0.001352548599243164,-6.031990051269531e-05,41787.0,4658.0,41787.0,331271.97564475564,-1.1676506701888633e-11,589.1418899297714,9931.0
0.1217511035147166,18.0,3.619364022286989,0.0014289105423346852,-2.536318676638031e-09,0.0010377168655395508,-3.409385681152344e-05,50228.0,6301.0,50228.0,360967.72101392323,7.421783224048881e-12,515.7895517349243,14479.0
0.1077778307272464,18.0,3.17524438803801,0.0017593794890438993,-3.0292686610043524e-09,0.001287221908569336,-4.184246063232422e-05,57989.0,6523.0,57987.0,329224.0133460367,3.5126920710106287e-12,579.2281935214996,11498.0
0.09584824695879098,18.0,3.5045574224722635,0.001426408551708526,-3.3344742206031567e-09,0.0010281801223754883,-2.3126602172851562e-05,56117.0,5847.0,56118.0,324615.6674172976,-1.7590326688910773e-11,463.03361201286316,11514.0
0.14926054878570075,18.0,4.086299555982771,0.0016347854581584774,2.336266313768903e-09,0.0011963844299316406,-2.09808349609375e-05,55061.0,6209.0,55066.0,357383.9511068379,-4.561843157416313e-12,584.2445313930511,13260.0
0.15006665265614208,18.0,4.091809598943509,0.0015261180891137458,-2.9960334085873345e-09,0.0011510848999023438,-6.639957427978516e-05,55554.0,5648.0,55562.0,380423.85482391185,8.701352150232362e-12,580.5704218149185,12579.0
0.16070272297951094,18.0,3.5660813286352164,0.0016846953973298272,4.3338233796502427e-10,0.0013549327850341797,-4.9114227294921875e-05,44495.0,4873.0,44495.0,343559.88667683216,-2.479867477706779e-11,578.7922660112381,9164.0
0.2020653078372244,18.0,4.054511214094117,0.0017572143666890897,-1.4047505702544453e-09,0.0015556812286376953,1.3232231140136719e-05,37545.0,5576.0,37537.0,367111.9728672227,4.18774494901367e-12,645.0927233695984,10663.0
0.19963401821194857,18.0,3.574243290204075,0.00192060162097374,-3.8757412453410945e-10,0.0015336275100708008,6.67572021484375e-06,40868.0,5727.0,40866.0,338952.1651916866,-5.744553517987794e-12,650.9898400306702,9316.0
0.21825504923623704,18.0,4.310138498482421,0.0019170243206922735,-4.916589136612631e-09,0.0017175674438476562,4.0531158447265625e-06,35695.0,5874.0,35702.0,367624.1398931562,-2.3865525324722867e-11,704.7422318458557,10488.0
0.3048250085534421,19.0,4.147791690872263,0.0024981727031013197,-8.389547353948473e-11,0.0022755861282348633,-5.996227264404297e-05,31345.0,5677.0,31339.0,366600.9346987641,-8.581759584247349e-13,915.8276147842407,12693.0
0.28528649508006976,19.0,4.253411045400788,0.002369129763186558,6.0815634797110365e-09,0.002161264419555664,-2.205371856689453e-05,32412.0,5908.0,32411.0,365064.74537552265,6.602051594952086e-12,864.8816187381744,11821.0
0.2720754578513623,19.0,3.810312321826018,0.0023431910421609446,-9.730037305156072e-12,0.0021805763244628906,-6.330013275146484e-05,30785.0,5403.0,30785.0,343048.61978119257,-3.233813934957188e-12,803.8246574401855,14226.0
0.35124039593332224,19.0,3.8419855195567933,0.0031432914457423414,-3.075880804172949e-09,0.0028295516967773438,-2.6464462280273438e-05,33251.0,5314.0,33251.0,342025.89117908693,-1.5696178895114166e-11,1075.0779701471329,11025.0
0.28960713820933226,19.0,3.430771000829275,0.002898463541702354,-2.0805677071824983e-10,0.002439260482788086,-1.811981201171875e-05,35943.0,5071.0,35944.0,312841.41375665244,-8.0183767681955e-12,906.7524359226227,10136.0
0.3056186730656226,19.0,4.30809376467852,0.0024560847478432755,-1.8987383593050382e-08,0.0022995471954345703,-1.9788742065429688e-05,33752.0,5801.0,33756.0,360968.85273598024,-1.0129022707699062e-11,886.5655431747437,11299.0
0.2704993208371052,18.0,3.5778363240494526,0.002662406779947148,2.8033853762192472e-09,0.002236008644104004,-9.799003601074219e-05,32237.0,4740.0,32236.0,314377.0242567311,6.404433898730754e-13,836.9941314458847,7867.0
0.3130731373038692,18.0,4.733430720207709,0.0024951236276953797,2.1639524732573765e-10,0.0020989179611206055,-7.045269012451172e-05,39085.0,6279.0,39083.0,384521.1834099184,-8.415390161755198e-12,959.4224421977997,13040.0
0.23516665858476324,18.0,3.60873662772628,0.0024397922411767575,5.667539288175865e-09,0.0021669864654541016,-0.00010323524475097656,23583.0,4337.0,23581.0,299016.50100014504,2.5875270861183198e-11,729.5344769954681,7683.0
0.334077496338053,19.0,4.061312447328579,0.0029384281940500493,-3.5011668924780876e-10,0.002682328224182129,-4.839897155761719e-05,30228.0,5381.0,30226.0,339465.5166131692,-3.048981511167352e-11,997.4876500368118,10099.0
0.17819243544218483,18.0,3.8335300478809486,0.0018871079455387682,9.692257003117385e-09,0.001619577407836914,-4.100799560546875e-05,33825.0,4424.0,33818.0,315911.9561432486,-1.372571216648714e-11,596.1581581830978,7559.0
0.16557232384103224,16.0,3.9402147195720962,0.0020379946160368452,-8.73706034735048e-09,0.0013475418090820312,-6.711483001708984e-05,36212.0,6702.0,36215.0,312328.31774251047,-4.693057677653759e-11,636.5207444429398,9035.0
0.12305378915771618,14.0,3.38825370509018,0.0019451480242464372,2.246600698236608e-09,0.0014117956161499023,-2.6702880859375e-05,34397.0,6798.0,34396.0,294920.1051497996,-3.992334519365954e-11,573.661110162735,11088.0
0.24682478960544346,18.0,3.6987559911067622,0.002679120779008616,2.8114533873726393e-09,0.0021953582763671875,-7.82012939453125e-05,30551.0,5150.0,30553.0,305672.97905410244,-2.187791295057968e-11,818.9295276403427,8005.0
0.20831963064854392,15.0,3.5686449226755195,0.0029855616709321994,3.3877423241295997e-09,0.002639293670654297,-0.00010383129119873047,24724.0,6930.0,24725.0,318985.3306785722,-3.659402851225625e-12,952.3434184789658,11903.0
0.20288371308455402,16.0,3.1347703170797905,0.0025607822298953447,-5.979152761901708e-09,0.0020453929901123047,-0.00010311603546142578,31162.0,5470.0,31161.0,325640.85574093484,1.6040826667657439e-12,833.8905645608902,9428.0
0.19221377505601925,17.0,3.083521607872253,0.002280658577515012,-6.632445035195268e-09,0.0019712448120117188,-0.00010478496551513672,26136.0,5128.0,26135.0,291336.3114397175,9.328582784937107e-12,664.435666680336,7739.0
0.25463768246492835,18.0,2.97400600788443,0.002929661111625719,1.5529063923610655e-09,0.002491593360900879,-0.0003663301467895508,25940.0,3924.0,25940.0,324105.3329292561,-3.784353296299966e-11,949.5119552612305,8883.0
0.22648120901617058,16.0,2.94014809449633,0.0031001249626233358,3.497949920580837e-09,0.002657294273376465,-0.00030303001403808594,24567.0,4800.0,24568.0,299529.44952144613,6.055047767559311e-11,928.5711296796799,9744.0
0.2313600322637971,16.0,3.5182123425295764,0.0028792520058050766,1.4949466981376809e-09,0.0021898746490478516,-0.00014150142669677734,35942.0,5088.0,35943.0,323593.54271065135,1.853730008746178e-11,931.7000358104706,7700.0
0.2581267819788449,17.0,3.8303479530881126,0.0029047542408296885,-5.329506026499956e-10,0.0021872520446777344,-8.71419906616211e-05,41913.0,5177.0,41910.0,350729.9455093068,-4.172615141232714e-12,1018.7757406234741,11115.0
0.2539012148483,17.0,3.7199467070002843,0.0030400440088195996,2.471537789736841e-09,0.002665281295776367,-0.00017130374908447266,31911.0,4865.0,31915.0,352777.742633419,1.2879760679273205e-11,1072.4515252113342,12574.0
0.21462423559894905,18.0,3.5295020278883467,0.002208754329348997,3.7276293367185644e-09,0.001680612564086914,-8.33272933959961e-05,34515.0,5638.0,34518.0,345608.650967456,3.866744835793527e-11,763.3609575033188,10323.0
0.262687034052786,17.0,3.1670729279927716,0.002662547142525687,9.842306079511925e-09,0.0021501779556274414,-0.0001214742660522461,27659.0,4442.0,27662.0,318472.97952986223,1.8455317489517197e-12,847.944051027298,7207.0
0.3095759088044263,18.0,2.969784232257414,0.002831238171780679,1.9979633845125e-09,0.0023665428161621094,-0.00023567676544189453,24492.0,4321.0,24486.0,346121.37605029315,4.4333552514576896e-11,979.9453247785568,8065.0
0.3042793506208192,17.0,3.2367585980778175,0.0031550843160474433,2.4314066554235324e-11,0.002604365348815918,-0.00023436546325683594,23584.0,4902.0,23585.0,323593.7433795367,3.6194862826279925e-11,1020.9568889141083,7310.0
0.3019036839554369,18.0,3.523461657711187,0.0030693579092181426,3.2718140112347424e-09,0.002330183982849121,-8.225440979003906e-05,36628.0,4727.0,36628.0,330762.02122009726,2.4169597150774723e-11,1015.2177526950836,9459.0
0.21539388770554332,17.0,3.2060132679723132,0.0025496932725991395,-1.028124223536475e-09,0.002019524574279785,-6.186962127685547e-05,35457.0,6226.0,35454.0,316424.86053086026,1.2472559168691038e-11,806.7815943956375,11051.0
0.18412437326648623,17.0,2.900047451071654,0.0022714928699984517,-1.344377994734998e-09,0.001834869384765625,1.3709068298339844e-05,32794.0,4866.0,32796.0,301576.3477808946,-6.22463152365594e-12,685.025462269783,8128.0
0.34291297880159743,18.0,3.2170045251401462,0.0035871292307382303,8.849656249778002e-09,0.002924799919128418,-0.00019478797912597656,25998.0,5175.0,26001.0,312330.51569843764,2.5043675909301818e-11,1120.3573112487793,8972.0
0.17113207116283782,16.0,2.8562789780820856,0.0024305873393480506,1.1110234061599379e-07,0.0020301342010498047,-0.00020754337310791016,28620.0,4198.0,28617.0,298504.4956605467,-2.8867822272908115e-11,725.5376125574112,9102.0
0.21632781008473875,16.0,3.3495076365769663,0.002644740505704992,-6.712353391992168e-10,0.002108931541442871,-0.00013005733489990234,34687.0,5518.0,34687.0,328201.1132665133,1.6976295061824128e-11,868.0011892318726,9899.0
0.15983873857121886,17.0,3.2454106928982327,0.0019078682246872955,6.4978179360520106e-09,0.001446366310119629,-6.520748138427734e-05,36449.0,5993.0,36451.0,324616.12145412393,1.8895067915303087e-11,619.3226437568665,10197.0
0.15803065965775728,17.0,3.4424408557566015,0.001978000722124131,-5.410671083149293e-09,0.001497507095336914,-7.200241088867188e-05,39567.0,4847.0,39571.0,318984.18389181624,3.603310967941681e-11,630.9486043453217,10424.0
0.18954115116001524,17.0,3.158412895852803,0.0023551133093737066,-2.13750899409291e-09,0.0019186735153198242,-0.00010800361633300781,30709.0,4363.0,30711.0,303112.50078232883,1.9130879025800968e-11,713.8607503175735,8804.0
0.23562507842403405,17.0,3.430408576617355,0.0025456902124334395,1.43686814567489e-09,0.001969575881958008,-3.743171691894531e-05,39735.0,6454.0,39734.0,340489.09349121153,3.249781735371305e-11,866.7744233608246,9462.0
0.18038831756498808,17.0,3.0820354167961646,0.0021493042524273493,-2.2538704247727416e-09,0.0017209053039550781,-7.867813110351562e-05,36812.0,5125.0,36811.0,320520.3454725741,2.580725075233542e-12,688.8928496837616,9284.0
0.18311506140529465,18.0,3.243945247371591,0.002873989337105868,1.7184719366059283e-10,0.002008795738220215,-3.731250762939453e-05,36851.0,4992.0,36856.0,301065.5578776977,6.408464419915566e-12,865.2518517971039,10287.0
0.24529149505692002,19.0,2.9922329427935863,0.002628167154514691,-1.3034303423097958e-09,0.002292037010192871,-0.00012040138244628906,25654.0,3571.0,25652.0,304648.74073089164,5.0951200452107154e-11,800.6632391214371,7646.0
0.2758402490007635,18.0,2.929853383314335,0.0032348095072824243,-2.5043488368246966e-09,0.0024935007095336914,-6.306171417236328e-05,30182.0,4679.0,30184.0,302601.92564606515,-2.3325745357383346e-11,978.8501220941544,9532.0
0.3489827219401899,17.0,3.782286380615821,0.0035203796008097398,8.380374080893835e-10,0.0024796724319458008,-2.872943878173828e-05,40090.0,7184.0,40086.0,350219.2869552277,1.663474155404726e-11,1232.889741897583,16800.0
0.26511081517688795,17.0,3.058673897862897,0.003243254531409171,7.0845391451044405e-09,0.002645254135131836,-0.00011515617370605469,25839.0,4741.0,25839.0,301065.66212857433,2.831437654271005e-11,976.4239389896393,8296.0
0.22465447190262028,18.0,3.765468184003954,0.0024771705335461594,-1.5012312599015283e-09,0.0019294023513793945,-8.749961853027344e-05,31028.0,5151.0,31027.0,314376.8795842017,6.1063411342333655e-12,778.7604864835739,13627.0
0.20093791922879584,16.0,3.427118572726172,0.002991635629449056,1.558062495700906e-08,0.0024144649505615234,-4.5418739318847656e-05,34526.0,6872.0,34524.0,318985.59189894923,-8.02076679802401e-11,954.2809079885483,13931.0
0.3029770872395595,17.0,3.297733534790892,0.003584068984135644,1.971130805621256e-09,0.002756476402282715,9.5367431640625e-07,33312.0,5517.0,33310.0,317450.71425973607,-2.1411752271834641e-13,1137.7519468069077,12204.0
0.2978240997734524,15.0,3.81778848859673,0.0036095509551735193,-1.3339317848721454e-08,0.0028699636459350586,7.033348083496094e-06,37714.0,7687.0,37712.0,335371.0720644317,1.9084414566796142e-11,1210.5242751836777,15371.0
0.20472603273770165,17.0,3.1578053516779496,0.0024558706240624317,-3.985770841734855e-09,0.0018928050994873047,-6.937980651855469e-05,39945.0,4982.0,39948.0,326664.86976581236,-1.6679104541154348e-12,802.2420656681061,12193.0
0.23734215426742353,17.0,3.7397967664182237,0.00256159274699171,1.6779758852732362e-09,0.001952528953552246,-7.903575897216797e-05,35218.0,5646.0,35215.0,336393.0756567555,6.917045580181059e-12,861.6967457532883,15280.0
0.37132990193610294,17.0,3.659424606450869,0.004103533034550059,-4.471558725327515e-10,0.003206491470336914,-7.903575897216797e-05,30700.0,4850.0,30701.0,328716.0574457606,7.43486491176782e-12,1348.8764473199844,11879.0
0.5110360760996941,18.0,3.6408535874924577,0.00549036252759444,-8.46836800903367e-09,0.004636883735656738,-1.990795135498047e-05,25878.0,5245.0,25879.0,316431.325211402,3.7498610756960125e-11,1737.2769820690155,10652.0
0.29442994919899085,16.0,3.2197876204630735,0.0034854313916477682,-6.573044887295159e-09,0.002718806266784668,-7.808208465576172e-05,27752.0,5958.0,27753.0,320522.4939617544,-1.1688011713681977e-11,1117.146984219551,11524.0
0.33410007973376843,16.0,3.767202637506113,0.00370408967509662,-3.1482714853398416e-09,0.002902388572692871,-9.071826934814453e-05,34320.0,5906.0,34319.0,349195.5148861855,5.336801655884188e-12,1293.4347777366638,14167.0
0.31582165224211567,17.0,3.4594326140359715,0.003703269303663124,-1.3947461388381534e-08,0.0028553009033203125,-6.496906280517578e-05,32868.0,5242.0,32872.0,313355.03511902667,2.943869742189836e-12,1160.4231395721436,11768.0
0.4057220218457335,16.0,3.730896206699518,0.004559815430426695,-4.3529547031037055e-09,0.003319382667541504,2.8014183044433594e-05,32715.0,7429.0,32715.0,323597.5295029553,1.419307791235963e-11,1475.5152349472046,16417.0
0.2097033163155018,16.0,2.9871481352802163,0.002833477181042165,2.2380062884412278e-09,0.0024886131286621094,-8.14199447631836e-05,27119.0,6015.0,27122.0,314377.14311751176,1.967530407502927e-11,890.7743887901306,14049.0
0.24102297764651623,13.0,3.4266234290238895,0.004140425138087068,9.672113288190648e-10,0.003554105758666992,-1.895427703857422e-05,31445.0,6549.0,31445.0,302091.51253174455,-4.266232738018995e-12,1250.7686086893082,14812.0
0.2579142707234876,13.0,3.965634827774818,0.0037409128565673213,-1.4571629040802285e-09,0.0030919313430786133,-3.4689903259277344e-05,35183.0,7705.0,35184.0,342539.2116139265,5.0338608250693775e-12,1281.3935853242874,15695.0
0.2657465040521557,13.0,4.183367260651408,0.003976109420028358,2.7201643680175794e-09,0.003197908401489258,-1.7404556274414062e-05,37727.0,7833.0,37730.0,339467.89236917,5.70446396994764e-12,1349.7420320510864,17501.0
0.31473921742974487,15.0,3.9380610657828488,0.0037863203293689615,-1.2791662247766171e-08,0.003039240837097168,-2.1457672119140625e-05,34179.0,7994.0,34178.0,337931.635961447,3.6771364825222603e-11,1279.499869942665,10993.0
0.2400897080855031,13.0,4.0566497739568215,0.003407810175074035,6.795820654461484e-09,0.002514958381652832,-2.3126602172851562e-05,42639.0,8111.0,42634.0,353291.08130027854,-2.3610756490094554e-12,1203.9350333213806,16616.0
0.24276572933678178,13.0,4.130869189458338,0.003693738682894387,-2.636954011821574e-10,0.0029033422470092773,-2.5272369384765625e-05,32601.0,6953.0,32604.0,320523.03641084593,5.120056342696664e-12,1183.913428902626,13815.0
0.29938775977715365,11.0,3.913685425817019,0.0048347725884083596,-6.138030634837809e-09,0.004488706588745117,2.384185791015625e-07,28293.0,7529.0,28293.0,325645.3858626029,2.3607187061686664e-12,1574.39051091671,16453.0
0.20685199348294006,13.0,3.8085270287033333,0.0034226338579872685,-1.9038513134783204e-08,0.0027054548263549805,-2.09808349609375e-05,33099.0,7190.0,33100.0,313866.41168483,5.5374701654846526e-12,1074.238130569458,16916.0
0.27724616537423913,13.0,3.7167846648542633,0.004478749065133734,2.48372436280753e-10,0.003706812858581543,-5.340576171875e-05,28782.0,6102.0,28780.0,314380.375315642,4.2776752492874396e-13,1408.0067373514175,13699.0
0.3159551629201088,13.0,3.5022730367196413,0.004730364751357893,-1.5217477986885957e-09,0.0043228864669799805,-6.031990051269531e-05,22353.0,6463.0,22350.0,320012.6397328194,-1.1709507255397062e-11,1513.7498329877853,14464.0
0.27817986166666403,15.0,4.069973988632236,0.003760019100377081,7.05192748715869e-10,0.003136157989501953,-4.482269287109375e-05,33294.0,6381.0,33292.0,319498.9365810803,3.0311825087505586e-11,1201.3073024749756,12884.0
0.2501154928034395,14.0,3.494407820382678,0.003772596019736889,4.896751900637609e-09,0.0031671524047851562,-5.793571472167969e-05,31988.0,6666.0,31991.0,321546.8871067287,-3.8398717362278775e-11,1213.0518419742584,13756.0
0.26636443195834963,12.0,3.7689817606678093,0.004665862050391741,3.801697839505815e-09,0.0038031339645385742,-1.621246337890625e-05,31495.0,7385.0,31496.0,319501.2966109852,-3.2284585318513715e-12,1490.7195957899094,15656.0
0.2344746758824303,12.0,3.9651225521555955,0.003842882323912353,-4.886027597376692e-09,0.003119230270385742,-1.9073486328125e-05,30404.0,7669.0,30402.0,324107.3901732142,-1.4524155439018896e-11,1245.4896898269653,17078.0
0.17634080575572122,12.0,3.4460936326882874,0.0031213747327400246,3.098090025915493e-09,0.0027724504470825195,-1.1086463928222656e-05,25296.0,6882.0,25294.0,299017.4611610042,3.715742391615419e-12,933.3378657102585,16023.0
0.19480185324237448,13.0,3.305673809358767,0.003594765716906281,3.0148694401187384e-09,0.0029462575912475586,-2.0623207092285156e-05,35674.0,6903.0,35677.0,301578.5406254068,-1.3259766384639447e-11,1084.0914710760117,14828.0
0.24741161874632728,11.0,3.6547016073534793,0.004233481735789842,1.2171013513568653e-08,0.003825545310974121,-3.5762786865234375e-06,23770.0,6990.0,23764.0,308747.5847430286,7.17162540865874e-12,1307.0578515529633,13517.0
0.27489304291012623,13.0,3.949707387768168,0.004262621809927636,-7.0667986957827305e-09,0.003692150115966797,-2.4557113647460938e-05,29522.0,7450.0,29523.0,332812.1004056688,5.93432648855985e-11,1418.6303766965866,14744.0
0.2974708139058412,13.0,3.9948520963693657,0.004490146880981037,-7.0407387520074865e-09,0.003980278968811035,-5.710124969482422e-05,31868.0,7552.0,31869.0,345100.8923057666,-1.5074724053600128e-12,1549.5272378921509,15356.0
0.1766031495067808,14.0,4.274509267033516,0.0025225003126951805,-3.310712616731075e-09,0.0018104314804077148,-2.5272369384765625e-05,36905.0,8016.0,36904.0,337929.10845972685,1.8778301824269024e-11,852.4209631681442,14052.0
0.37772637841923185,12.0,4.143278940805002,0.005814245069576577,-3.57163268876905e-09,0.005280256271362305,-1.3113021850585938e-06,24454.0,7509.0,24453.0,339984.512750539,-1.7644430703466448e-11,1976.6979675292969,14575.0
0.2585828225155809,14.0,4.198482606343475,0.003390878018295659,3.4916829541420893e-09,0.002879500389099121,-3.790855407714844e-05,35461.0,7815.0,35460.0,338442.5862167374,2.0933764572567758e-11,1147.6053656339645,10856.0
0.39711777249836877,14.0,4.114471652048783,0.005333517072337962,6.03792587295423e-10,0.004243373870849609,-1.8835067749023438e-05,36608.0,7599.0,36606.0,337423.8383053238,2.7294833901777788e-11,1799.6086629629135,10786.0
0.309005141755621,13.0,4.150030789824011,0.004506961766119489,1.3267555602472546e-08,0.003977537155151367,2.0384788513183594e-05,26845.0,7466.0,26847.0,338956.8110694371,8.415216676324587e-12,1527.639197587967,14420.0
0.36969143114122394,16.0,4.596574121932286,0.0036657045054548122,5.208827981657842e-09,0.0024319887161254883,-2.86102294921875e-06,52702.0,7911.0,52702.0,382476.46335535456,1.2351011111405452e-11,1402.0256679058075,10481.0
0.17627795580698524,13.0,3.684950748313142,0.003283081055870837,-4.181252028597334e-09,0.0027799606323242188,-7.867813110351562e-06,30571.0,6969.0,30580.0,310281.887071528,-1.3813612419189252e-11,1018.6711069345474,14816.0
0.2360114841004349,12.0,3.6953224753152045,0.003849552830568171,1.5067459268610813e-08,0.003397226333618164,-2.7179718017578125e-05,31705.0,8115.0,31707.0,345611.4022156506,4.651232022037287e-12,1330.432405114174,17707.0
0.19209276162307526,17.0,4.265516922650257,0.0024238403429185317,8.730139879480111e-10,0.0018862485885620117,-1.5497207641601562e-06,46669.0,8957.0,46662.0,355849.02707855834,3.647556765174859e-13,862.5163145065308,13312.0
0.16842717206937655,16.0,3.648898522349901,0.0022219861523848383,1.2767153681850309e-09,0.0016459226608276367,-6.9141387939453125e-06,38447.0,7509.0,38447.0,327176.5696035811,4.431725599264925e-12,726.9783194065094,11536.0
0.16991115912964003,14.0,3.635268743956742,0.0030748799443459244,-7.238521242084803e-10,0.0024036169052124023,-4.565715789794922e-05,43967.0,8621.0,43962.0,347658.2390679007,9.561319701124922e-12,1068.9973870515823,17494.0
0.18221237369135118,17.0,3.559563246245794,0.002039346440526038,-1.0913703279420415e-11,0.0016541481018066406,1.1920928955078125e-06,34008.0,6402.0,34002.0,327688.2544389521,3.127317908707238e-12,668.2673170566559,10651.0
0.21938583293604483,15.0,3.7333279169442815,0.0027566792149995045,-9.0461757342994e-09,0.0021332502365112305,-2.205371856689453e-05,31955.0,7725.0,31965.0,332809.33790933446,1.4580095097408176e-12,917.44213950634,10628.0
0.2363336408760001,17.0,3.9015427604441077,0.002653060734308684,7.790713973051673e-10,0.0020287036895751953,-1.609325408935547e-05,39399.0,7123.0,39394.0,346121.3344289684,4.408164964393592e-12,918.2747282981873,11522.0
0.2375458683881089,18.0,4.002845485909422,0.00240534108971546,-2.9190111915468215e-09,0.0018334388732910156,-2.086162567138672e-05,39692.0,5571.0,39686.0,343048.8701993972,1.3117133216833376e-11,825.1450448036194,10858.0
0.18315433978764095,18.0,3.4323365847843093,0.0026900739925212374,8.823178435167636e-09,0.0021152496337890625,-7.867813110351562e-06,38313.0,6472.0,38316.0,315401.13263775356,8.463351622344333e-12,848.4466471672058,10227.0
0.23957297930912094,16.0,3.4684770836218775,0.003559869043062104,-1.9386599278725886e-09,0.0028916597366333008,-1.0609626770019531e-05,37856.0,5608.0,37854.0,332298.7937277307,4.479996065955691e-12,1182.926683664322,13314.0
0.3050845806655431,14.0,3.670605817003644,0.004089673206914572,1.1730450577532975e-09,0.0033347606658935547,-1.5020370483398438e-05,34097.0,8217.0,34100.0,347660.376609963,-1.291757867844635e-12,1421.7953387498856,14322.0
0.20739909355061933,18.0,4.03714350222441,0.0022143484354989274,-3.608122065697589e-10,0.0016313791275024414,-3.5881996154785156e-05,43152.0,6522.0,43157.0,350216.6998013976,1.036933110654491e-11,775.4980373382568,11907.0
0.18661099857619018,18.0,4.307292424075792,0.001947845642222823,-2.2554423837180053e-09,0.00125885009765625,-1.7523765563964844e-05,55502.0,8085.0,55506.0,365064.4939854479,-3.5611411780992844e-12,711.0863736867905,13085.0
0.21270413178435252,17.0,3.655188707733271,0.0023434847737052833,5.117079793635587e-09,0.0018024444580078125,-6.568431854248047e-05,42621.0,5787.0,42628.0,328200.7124315801,1.1959225334503418e-11,769.1293592453003,13208.0
0.24382803474559261,14.0,3.8671587719807206,0.003491895536378439,5.284942995210975e-10,0.0027390718460083008,-3.063678741455078e-05,36996.0,8319.0,36995.0,347147.02843742556,2.0622440847064224e-11,1212.1870921850204,14221.0
0.26959924885610337,16.0,4.221340708058478,0.0026193107059240975,5.062353492412743e-09,0.0019544363021850586,-0.0001100301742553711,38723.0,7846.0,38724.0,368649.38240812306,4.282356328623912e-12,965.6010338068008,12284.0
